{"BB": {"l1": 0.7593468926775286, "l2": 1.012751164853008, "pr_coef": [-0.762165774877245, 3009.3075172293634], "mt_coef": [541.4846050391093], "trn_mean": [[68.5765100671141, 0.137248322147651]], "trn_std": [[11.483630831845536, 0.2938676574260552]]}, "MB": {"l1": 0.778835471381553, "l2": 1.0244841709812196, "pr_coef": [-0.74348950843227, 5065.08193935984], "mt_coef": [691.731030948205], "trn_mean": [[68.5765100671141, 0.137248322147651]], "trn_std": [[11.483630831845536, 0.2938676574260552]]}, "QB": {"l1": 0.8403539216437852, "l2": 1.0221267454168985, "pr_coef": [-0.5478458643589819, 4329.298237893504], "mt_coef": [629.0853071223185], "trn_mean": [[68.5765100671141, 0.137248322147651]], "trn_std": [[11.483630831845536, 0.2938676574260552]]}, "WB": {"l1": 0.8043641874808295, "l2": 1.0244841709812196, "pr_coef": [-0.6451983120741394, 6216.340177932834], "mt_coef": [820.3357454077119], "trn_mean": [[68.5765100671141, 0.137248322147651]], "trn_std": [[11.483630831845536, 0.2938676574260552]]}}